{"units_1": 84, "dropout": 0.3108052161628038, "units_2": 23, "units_3": 68, "learning_rate": 0.012203845710786955}