{"units_1": 83, "dropout": 0.26020289521280815, "units_2": 66, "units_3": 48, "learning_rate": 0.01776853863547246}