{"units_1": 18, "dropout": 0.34870883643454637, "units_2": 88, "units_3": 19, "learning_rate": 0.016995104171296842}