{"units_1": 91, "dropout": 0.4216860235820816, "units_2": 36, "units_3": 16, "learning_rate": 0.01120162123019115}