{"units_1": 37, "dropout": 0.3146577476898737, "units_2": 84, "units_3": 81, "learning_rate": 0.03220719508910803}