{"units_1": 58, "dropout": 0.4937006347366891, "units_2": 98, "units_3": 43, "learning_rate": 0.01666088976782496}