{"units_1": 13, "dropout": 0.48369848325340653, "units_2": 49, "units_3": 55, "learning_rate": 0.05890291125240705}