{"units_1": 51, "dropout": 0.3407411050688529, "units_2": 40, "units_3": 35, "learning_rate": 0.055358054290245186}