{"units_1": 78, "dropout": 0.2426110263000165, "units_2": 79, "units_3": 39, "learning_rate": 0.014085579235470796}