{"units_1": 15, "dropout": 0.22758234685061063, "units_2": 45, "units_3": 19, "learning_rate": 0.008513993520807343}