{"units_1": 32, "dropout": 0.30498874446831964, "units_2": 39, "units_3": 36, "learning_rate": 0.04768998785516944}