{"units_1": 57, "dropout": 0.41674770951475526, "units_2": 76, "units_3": 21, "learning_rate": 0.021305411585444852}