{"units_1": 14, "dropout": 0.2724730976292848, "units_2": 83, "units_3": 52, "learning_rate": 0.005286129507442671}