{"units_1": 37, "dropout": 0.263221785564862, "units_2": 45, "units_3": 40, "learning_rate": 0.019262412746198197}