{"units_1": 26, "dropout": 0.36127089380250194, "units_2": 84, "units_3": 75, "learning_rate": 0.03384867525630068}