{"units_1": 27, "dropout": 0.3809491862975735, "units_2": 38, "units_3": 35, "learning_rate": 0.01874430188615357}