{"units_1": 83, "dropout": 0.38302766555803086, "units_2": 31, "units_3": 45, "learning_rate": 0.015503309378532918}